Sample_File,,,,,,,,,,,,,,,,
Samp_ID,Subject,Event_Code,Full_Code,Tube_Replicate,Samp_Type,Samp_Date,Samp_Time,CC_Interval,CC_RelDay,Diet_Interval,Diet_RelDay,Abx_Interval,Abx_RelDay,Shipment_Date,Aliquot_Date,Notes
S1,AAA,AAA_AB_1,AAA_CC_ST_1,NA,Stool,29-Jul-2013,NA,PreCC,-464,NA,NA,PreAbx,-16,NA,NA,-
S2,AAA,AAA_AB_2,AAA_CC_ST_2,NA,Stool,5-Aug-2013,NA,PreCC,-457,NA,NA,PreAbx,-9,NA,NA,-
S3,AAA,AAA_AB_3,AAA_CC_ST_3,NA,Stool,6-Aug-2013,NA,PreCC,-456,NA,NA,PreAbx,-8,NA,NA,-
S4,AAA,AAA_AB_4,AAA_CC_ST_4,NA,Stool,7-Aug-2013,NA,PreCC,-455,NA,NA,PreAbx,-7,NA,NA,-
S5,AAA,AAA_AB_5,AAA_CC_ST_5,NA,Stool,8-Aug-2013,NA,PreCC,-454,NA,NA,PreAbx,-6,NA,NA,-
S6,AAA,AAA_AB_6,AAA_CC_ST_6,NA,Stool,9-Aug-2013,NA,PreCC,-453,NA,NA,PreAbx,-5,NA,NA,-
S7,AAA,AAA_AB_7,AAA_CC_ST_7,NA,Stool,10-Aug-2013,NA,PreCC,-452,NA,NA,PreAbx,-4,NA,NA,-
S8,AAA,AAA_AB_8,AAA_CC_ST_8,NA,Stool,11-Aug-2013,NA,PreCC,-451,NA,NA,PreAbx,-3,NA,NA,-
S9,AAA,AAA_AB_9,AAA_CC_ST_9,NA,Stool,12-Aug-2013,NA,PreCC,-450,NA,NA,PreAbx,-2,NA,NA,-
S10,AAA,AAA_AB_10,AAA_CC_ST_10,NA,Stool,14-Aug-2013,NA,PreCC,-448,NA,NA,PreAbx,0,NA,NA,"Unplanned doxycycline + cephalexin, sample collected before 1st dose"
S11,AAA,AAA_AB_11,AAA_CC_ST_11,NA,Stool,15-Aug-2013,NA,PreCC,-447,NA,NA,MidAbx,1,NA,NA,Unplanned doxycycline + cephalexin
S12,AAA,AAA_AB_12,AAA_CC_ST_12,NA,Stool,16-Aug-2013,NA,PreCC,-446,NA,NA,MidAbx,2,NA,NA,Unplanned doxycycline + cephalexin
S13,AAA,AAA_AB_13,AAA_CC_ST_13,NA,Stool,17-Aug-2013,NA,PreCC,-445,NA,NA,MidAbx,3,NA,NA,Unplanned doxycycline + cephalexin
S14,AAA,AAA_AB_14,AAA_CC_ST_14,NA,Stool,18-Aug-2013,NA,PreCC,-444,NA,NA,MidAbx,4,NA,NA,Unplanned doxycycline + cephalexin
S15,AAA,AAA_AB_15,AAA_CC_ST_15,NA,Stool,19-Aug-2013,NA,PreCC,-443,NA,NA,MidAbx,5,NA,NA,Unplanned doxycycline + cephalexin
S16,AAA,AAA_AB_16,AAA_CC_ST_16,NA,Stool,20-Aug-2013,NA,PreCC,-442,NA,NA,MidAbx,6,NA,NA,Unplanned doxycycline + cephalexin
S17,AAA,AAA_AB_17,AAA_CC_ST_17,NA,Stool,21-Aug-2013,NA,PreCC,-441,NA,NA,MidAbx,7,NA,NA,Unplanned doxycycline + cephalexin
S18,AAA,AAA_AB_18,AAA_CC_ST_18,NA,Stool,22-Aug-2013,NA,PreCC,-440,NA,NA,MidAbx,8,NA,NA,Unplanned doxycycline + cephalexin
S19,AAA,AAA_AB_19,AAA_CC_ST_19,NA,Stool,23-Aug-2013,NA,PreCC,-439,NA,NA,MidAbx,9,NA,NA,Unplanned doxycycline + cephalexin
S20,AAA,AAA_AB_20,AAA_CC_ST_20,NA,Stool,24-Aug-2013,NA,PreCC,-438,NA,NA,PostAbx,10,NA,NA,-
S21,AAA,AAA_AB_21,AAA_CC_ST_21,NA,Stool,25-Aug-2013,NA,PreCC,-437,NA,NA,PostAbx,11,NA,NA,-
S22,AAA,AAA_AB_22,AAA_CC_ST_22,NA,Stool,26-Aug-2013,NA,PreCC,-436,NA,NA,PostAbx,12,NA,NA,-
S23,AAA,AAA_AB_23,AAA_CC_ST_23,NA,Stool,27-Aug-2013,NA,PreCC,-435,NA,NA,PostAbx,13,NA,NA,-
S24,AAA,AAA_AB_24,AAA_CC_ST_24,NA,Stool,28-Aug-2013,NA,PreCC,-434,NA,NA,PostAbx,14,NA,NA,-
S25,AAA,AAA_AB_25,AAA_CC_ST_25,NA,Stool,29-Aug-2013,NA,PreCC,-433,NA,NA,PostAbx,15,NA,NA,-
S26,AAA,AAA_AB_26,AAA_CC_ST_26,NA,Stool,30-Aug-2013,NA,PreCC,-432,NA,NA,PostAbx,16,NA,NA,-
S27,AAA,AAA_AB_27,AAA_CC_ST_27,NA,Stool,31-Aug-2013,NA,PreCC,-431,NA,NA,PostAbx,17,NA,NA,-
S28,AAA,AAA_AB_28,AAA_CC_ST_28,NA,Stool,1-Sep-2013,NA,PreCC,-430,NA,NA,PostAbx,18,NA,NA,-
S29,AAA,AAA_AB_29,AAA_CC_ST_29,NA,Stool,2-Sep-2013,NA,PreCC,-429,NA,NA,PostAbx,19,NA,NA,-
S30,AAA,AAA_AB_30,AAA_CC_ST_30,NA,Stool,9-Sep-2013,NA,PreCC,-422,NA,NA,PostAbx,26,NA,NA,-
S31,AAA,AAA_AB_31,AAA_CC_ST_31,NA,Stool,17-Sep-2013,NA,PreCC,-414,NA,NA,PostAbx,34,NA,NA,-
S32,AAA,AAA_AB_32,AAA_CC_ST_32,NA,Stool,8-Oct-2013,NA,PreCC,-393,NA,NA,PostAbx,55,NA,NA,-
S33,AAA,AAA_33,AAA_CC_ST_33,NA,Stool,14-Oct-2013,NA,PreCC,-387,NA,NA,PostAbx,61,NA,NA,-
S34,AAA,AAA_34,AAA_CC_ST_34,NA,Stool,23-Oct-2013,NA,PreCC,-378,NA,NA,PostAbx,70,NA,NA,-
S35,AAA,AAA_35,AAA_CC_ST_35,NA,Stool,1-Nov-2013,NA,PreCC,-369,NA,NA,PostAbx,79,NA,NA,-
S36,AAA,AAA_36,AAA_CC_ST_36,NA,Stool,4-Nov-2013,NA,PreCC,-366,NA,NA,PostAbx,82,NA,NA,-
S37,AAA,AAA_37,AAA_CC_ST_37,NA,Stool,18-Nov-2013,NA,PreCC,-352,NA,NA,PostAbx,96,NA,NA,-
S38,AAA,AAA_37.5,AAA_CC_ST_37.5,NA,Stool,28-Nov-2013,NA,PreCC,-342,NA,NA,PostAbx,106,NA,NA,-
S39,AAA,AAA_38,AAA_CC_ST_38,NA,Stool,6-Jan-2014,NA,PreCC,-303,NA,NA,PostAbx,145,NA,NA,-
S40,AAA,AAA_39,AAA_CC_ST_39,NA,Stool,13-Jan-2014,NA,PreCC,-296,NA,NA,PostAbx,152,NA,NA,16S barcode shared with AAP_3: GCGAGCGAAGTA [revcomp TACTTCGCTCGC]
S41,AAA,AAA_40,AAA_CC_ST_40,NA,Stool,21-Jan-2014,NA,PreCC,-288,NA,NA,PostAbx,160,NA,NA,16S barcode shared with AAN_32_Rp2: ATCTACCGAAGC [revcomp GCTTCGGTAGAT]
S42,AAA,AAA_40.2,AAA_CC_ST_40.2,NA,Stool,3-Feb-2014,NA,PreCC,-275,NA,NA,PostAbx,173,NA,NA,-
S43,AAA,AAA_40.4,AAA_CC_ST_40.4,NA,Stool,19-May-2014,NA,PreCC,-170,NA,NA,PostAbx,278,NA,NA,-
S44,AAA,AAA_41,AAA_CC_ST_41,NA,Stool,17-Jun-2014,NA,PreCC,-141,NA,NA,PostAbx,307,NA,NA,-
S45,AAA,AAA_42,AAA_CC_ST_42,NA,Stool,18-Jun-2014,NA,PreCC,-140,NA,NA,PostAbx,308,NA,NA,-
S46,AAA,AAA_43,AAA_CC_ST_43,NA,Stool,19-Jun-2014,NA,PreCC,-139,NA,NA,PostAbx,309,NA,NA,-
S47,AAA,AAA_44,AAA_CC_ST_44,NA,Stool,20-Jun-2014,NA,PreCC,-138,NA,NA,PostAbx,310,NA,NA,-
S48,AAA,AAA_45,AAA_CC_ST_45,NA,Stool,21-Jun-2014,NA,PreCC,-137,NA,NA,PostAbx,311,NA,NA,-
S49,AAA,AAA_46,AAA_CC_ST_46,NA,Stool,22-Jun-2014,NA,PreCC,-136,NA,NA,PostAbx,312,NA,NA,-
S50,AAA,AAA_47,AAA_CC_ST_47,NA,Stool,23-Jun-2014,NA,PreCC,-135,NA,NA,PostAbx,313,NA,NA,-
S51,AAA,AAA_48,AAA_CC_ST_48,NA,Stool,1-Jul-2014,NA,PreCC,-127,NA,NA,PostAbx,321,NA,NA,-
S52,AAA,AAA_49,AAA_CC_ST_49,NA,Stool,8-Jul-2014,NA,PreCC,-120,NA,NA,PostAbx,328,NA,NA,-
S53,AAA,AAA_49.5,AAA_Ellen_Day2,NA,Stool,9-Jul-2014,NA,PreCC,-119,NA,NA,PostAbx,329,NA,NA,stool from Ellen residual tube
S54,AAA,AAA_50,AAA_CC_ST_50,NA,Stool,15-Jul-2014,NA,PreCC,-113,NA,NA,PostAbx,335,NA,NA,-
S55,AAA,AAA_50.5,AAA_Ellen_Day9,NA,Stool,16-Jul-2014,NA,PreCC,-112,NA,NA,PostAbx,336,NA,NA,stool from Ellen residual tube
S56,AAA,AAA_51,AAA_CC_ST_51,NA,Stool,22-Jul-2014,NA,PreCC,-106,NA,NA,PostAbx,342,NA,NA,-
S57,AAA,AAA_51.5,AAA_Ellen_Day16,NA,Stool,23-Jul-2014,NA,PreCC,-105,NA,NA,PostAbx,343,NA,NA,stool from Ellen residual tube
S58,AAA,AAA_52,AAA_CC_ST_52,NA,Stool,29-Jul-2014,NA,PreCC,-99,NA,NA,PostAbx,349,NA,NA,-
S59,AAA,AAA_52.5,AAA_Ellen_Day23,NA,Stool,30-Jul-2014,NA,PreCC,-98,NA,NA,PostAbx,350,NA,NA,stool from Ellen residual tube
S60,AAA,AAA_53,AAA_CC_ST_53,NA,Stool,5-Aug-2014,NA,PreCC,-92,NA,NA,PostAbx,356,NA,NA,-
S61,AAA,AAA_54,AAA_CC_ST_54,NA,Stool,13-Aug-2014,NA,PreCC,-84,NA,NA,PostAbx,364,NA,NA,-
S62,AAA,AAA_55,AAA_CC_ST_55,NA,Stool,2-Sep-2014,NA,PreCC,-64,NA,NA,PostAbx,384,NA,NA,-
S63,AAA,AAA_56,AAA_CC_ST_56,NA,Stool,9-Sep-2014,NA,PreCC,-57,NA,NA,PostAbx,391,NA,NA,-
S64,AAA,AAA_57,AAA_CC_ST_57,NA,Stool,16-Sep-2014,NA,PreCC,-50,NA,NA,PostAbx,398,NA,NA,-
S65,AAA,AAA_58,AAA_CC_ST_58,NA,Stool,23-Sep-2014,NA,PreCC,-43,NA,NA,PostAbx,405,NA,NA,-
S66,AAA,AAA_59,AAA_CC_ST_59,NA,Stool,30-Sep-2014,NA,PreCC,-36,NA,NA,PostAbx,412,NA,NA,-
S67,AAA,AAA_60,AAA_CC_ST_60,NA,Stool,15-Oct-2014,NA,PreCC,-21,NA,NA,PostAbx,427,NA,NA,-
S68,AAA,AAA_61,AAA_CC_ST_61,NA,Stool,21-Oct-2014,NA,PreCC,-15,NA,NA,PostAbx,433,NA,NA,-
S69,AAA,AAA_62,AAA_CC_ST_62,NA,Stool,23-Oct-2014,NA,PreCC,-13,NA,NA,PostAbx,435,NA,NA,-
S70,AAA,AAA_63,AAA_CC_ST_63,NA,Stool,29-Oct-2014,NA,PreCC,-7,NA,NA,PostAbx,441,NA,NA,-
S71,AAA,AAA_64,AAA_CC_ST_64,NA,Stool,30-Oct-2014,NA,PreCC,-6,NA,NA,PostAbx,442,NA,NA,-
S72,AAA,AAA_65,AAA_CC_ST_65,NA,Stool,31-Oct-2014,NA,PreCC,-5,NA,NA,PostAbx,443,NA,NA,-
S73,AAA,AAA_66,AAA_CC_ST_66,NA,Stool,1-Nov-2014,NA,PreCC,-4,NA,NA,PostAbx,444,NA,NA,-
S74,AAA,AAA_67,AAA_CC_ST_67,NA,Stool,3-Nov-2014,NA,PreCC,-2,NA,NA,PostAbx,446,NA,NA,-
S75,AAA,AAA_68,AAA_CC_ST_68,NA,Stool,4-Nov-2014,NA,PreCC,-1,NA,NA,PostAbx,447,NA,NA,-
S76,AAA,AAA_72,AAA_CC_ST_72,NA,Stool,8-Nov-2014,NA,PostCC,3,NA,NA,PostAbx,451,NA,NA,-
S77,AAA,AAA_73,AAA_CC_ST_73,NA,Stool,10-Nov-2014,NA,PostCC,5,NA,NA,PostAbx,453,NA,NA,-
S78,AAA,AAA_74,AAA_CC_ST_74,NA,Stool,11-Nov-2014,NA,PostCC,6,NA,NA,PostAbx,454,NA,NA,-
S79,AAA,AAA_75,AAA_CC_ST_75,NA,Stool,13-Nov-2014,NA,PostCC,8,NA,NA,PostAbx,456,NA,NA,-
S80,AAA,AAA_76,AAA_CC_ST_76,NA,Stool,15-Nov-2014,NA,PostCC,10,NA,NA,PostAbx,458,NA,NA,-
S81,AAA,AAA_77,AAA_CC_ST_77,NA,Stool,18-Nov-2014,NA,PostCC,13,NA,NA,PostAbx,461,NA,NA,-
S82,AAA,AAA_78,AAA_CC_ST_78,NA,Stool,23-Nov-2014,NA,PostCC,18,NA,NA,PostAbx,466,NA,NA,-
S83,AAA,AAA_79,AAA_CC_ST_79,NA,Stool,3-Dec-2014,NA,PostCC,28,NA,NA,PostAbx,476,NA,NA,-
S84,AAA,AAA_80,AAA_CC_ST_80,NA,Stool,9-Dec-2014,NA,PostCC,34,NA,NA,PostAbx,482,NA,NA,-
S85,AAA,AAA_81,AAA_CC_ST_81,NA,Stool,6-Jan-2015,NA,PostCC,62,NA,NA,PostAbx,510,NA,NA,-
S86,AAA,AAA_82,AAA_CC_ST_82,NA,Stool,13-Jan-2015,NA,PostCC,69,NA,NA,PostAbx,517,NA,NA,-
S87,AAB,AAB_0.01,AAB_CC_ST_0.01,a,Stool,9-May-2013,NA,PreCC,-193,PreDiet,-369,PreAbx,-447,NA,NA,-
S88,AAB,AAB_0.02,AAB_CC_ST_0.02,a,Stool,10-May-2013,NA,PreCC,-192,PreDiet,-368,PreAbx,-446,NA,NA,-
S89,AAB,AAB_0.03,AAB_CC_ST_0.03,a,Stool,11-May-2013,NA,PreCC,-191,PreDiet,-367,PreAbx,-445,NA,NA,-
S90,AAB,AAB_0.04,AAB_CC_ST_0.04,a,Stool,12-May-2013,NA,PreCC,-190,PreDiet,-366,PreAbx,-444,NA,NA,-
S91,AAB,AAB_0.05,AAB_CC_ST_0.05,a,Stool,13-May-2013,NA,PreCC,-189,PreDiet,-365,PreAbx,-443,NA,NA,-
S92,AAB,AAB_0.06,AAB_CC_ST_0.06,a,Stool,14-May-2013,NA,PreCC,-188,PreDiet,-364,PreAbx,-442,NA,NA,-
S93,AAB,AAB_0.07,AAB_CC_ST_0.07,a,Stool,21-May-2013,NA,PreCC,-181,PreDiet,-357,PreAbx,-435,NA,NA,-
S94,AAB,AAB_0.08,AAB_CC_ST_0.08,a,Stool,28-May-2013,NA,PreCC,-174,PreDiet,-350,PreAbx,-428,NA,NA,-
S95,AAB,AAB_0.09,AAB_CC_ST_0.09,a,Stool,5-Jun-2013,NA,PreCC,-166,PreDiet,-342,PreAbx,-420,NA,NA,-
S96,AAB,AAB_0.10,AAB_CC_ST_0.10,a,Stool,12-Jun-2013,NA,PreCC,-159,PreDiet,-335,PreAbx,-413,NA,NA,-
S97,AAB,AAB_0.11,AAB_CC_ST_0.11,a,Stool,4-Jul-2013,NA,PreCC,-137,PreDiet,-313,PreAbx,-391,NA,NA,-
S98,AAB,AAB_0.12,AAB_CC_ST_0.12,c,Stool,6-Jul-2013,NA,PreCC,-135,PreDiet,-311,PreAbx,-389,NA,NA,-
S99,AAB,AAB_0.13,AAB_CC_ST_0.13,b,Stool,7-Jul-2013,NA,PreCC,-134,PreDiet,-310,PreAbx,-388,NA,NA,-
S100,AAB,AAB_1,AAB_CC_ST_1,a,Stool,8-Jul-2013,NA,PreCC,-133,PreDiet,-309,PreAbx,-387,NA,NA,-
S101,AAB,AAB_2,AAB_CC_ST_2,a,Stool,9-Jul-2013,NA,PreCC,-132,PreDiet,-308,PreAbx,-386,NA,NA,-
S102,AAB,AAB_3,AAB_CC_ST_3,a,Stool,10-Jul-2013,NA,PreCC,-131,PreDiet,-307,PreAbx,-385,NA,NA,-
S103,AAB,AAB_6,AAB_CC_ST_6,a,Stool,16-Jul-2013,NA,PreCC,-125,PreDiet,-301,PreAbx,-379,NA,NA,-
S104,AAB,AAB_7,AAB_CC_ST_7,a,Stool,22-Jul-2013,NA,PreCC,-119,PreDiet,-295,PreAbx,-373,NA,NA,-
S105,AAB,AAB_8,AAB_CC_ST_8,a,Stool,29-Jul-2013,NA,PreCC,-112,PreDiet,-288,PreAbx,-366,NA,NA,-
S106,AAB,AAB_9,AAB_CC_ST_9,a,Stool,5-Aug-2013,NA,PreCC,-105,PreDiet,-281,PreAbx,-359,NA,NA,-
S107,AAB,AAB_9.1,AAB_CC_ST_9.1,NA,Stool,6-Aug-2013,NA,PreCC,-104,PreDiet,-280,PreAbx,-358,NA,NA,-
S108,AAB,AAB_9.2,AAB_CC_ST_9.2,NA,Stool,7-Aug-2013,NA,PreCC,-103,PreDiet,-279,PreAbx,-357,NA,NA,-
S109,AAB,AAB_9.4,AAB_CC_ST_9.4,NA,Stool,8-Aug-2013,NA,PreCC,-102,PreDiet,-278,PreAbx,-356,NA,NA,-
S110,AAB,AAB_9.6,AAB_CC_ST_9.6,NA,Stool,9-Aug-2013,NA,PreCC,-101,PreDiet,-277,PreAbx,-355,NA,NA,-
S111,AAB,AAB_9.8,AAB_CC_ST_9.8,NA,Stool,10-Aug-2013,NA,PreCC,-100,PreDiet,-276,PreAbx,-354,NA,NA,-
S112,AAB,AAB_9.9,AAB_CC_ST_9.9,NA,Stool,11-Aug-2013,NA,PreCC,-99,PreDiet,-275,PreAbx,-353,NA,NA,-
S113,AAB,AAB_10,AAB_CC_ST_10,c,Stool,12-Aug-2013,NA,PreCC,-98,PreDiet,-274,PreAbx,-352,NA,NA,-
S114,AAB,AAB_11,AAB_CC_ST_11,a,Stool,19-Aug-2013,NA,PreCC,-91,PreDiet,-267,PreAbx,-345,NA,NA,-
S115,AAB,AAB_12,AAB_CC_ST_12,a,Stool,26-Aug-2013,NA,PreCC,-84,PreDiet,-260,PreAbx,-338,NA,NA,-
S116,AAB,AAB_13,AAB_CC_ST_13,b,Stool,2-Sep-2013,NA,PreCC,-77,PreDiet,-253,PreAbx,-331,NA,NA,-
S117,AAB,AAB_14,AAB_CC_ST_14,c,Stool,9-Sep-2013,NA,PreCC,-70,PreDiet,-246,PreAbx,-324,NA,NA,-
S118,AAB,AAB_14.2,AAB_CC_ST_14.2,a,Stool,11-Sep-2013,NA,PreCC,-68,PreDiet,-244,PreAbx,-322,NA,NA,-
S119,AAB,AAB_14.4,AAB_CC_ST_14.4,a,Stool,12-Sep-2013,NA,PreCC,-67,PreDiet,-243,PreAbx,-321,NA,NA,-
S120,AAB,AAB_14.6,AAB_CC_ST_14.6,a,Stool,13-Sep-2013,NA,PreCC,-66,PreDiet,-242,PreAbx,-320,NA,NA,-
S121,AAB,AAB_14.8,AAB_CC_ST_14.8,a,Stool,14-Sep-2013,NA,PreCC,-65,PreDiet,-241,PreAbx,-319,NA,NA,-
S122,AAB,AAB_15,AAB_CC_ST_15,a,Stool,16-Sep-2013,NA,PreCC,-63,PreDiet,-239,PreAbx,-317,NA,NA,-
S123,AAB,AAB_15.2,AAB_CC_ST_15.2,a,Stool,22-Sep-2013,NA,PreCC,-57,PreDiet,-233,PreAbx,-311,NA,NA,-
S124,AAB,AAB_16,AAB_CC_ST_16,a,Stool,2-Oct-2013,NA,PreCC,-47,PreDiet,-223,PreAbx,-301,NA,NA,-
S125,AAB,AAB_16.2,AAB_CC_ST_16.2,a,Stool,3-Oct-2013,NA,PreCC,-46,PreDiet,-222,PreAbx,-300,NA,NA,-
S126,AAB,AAB_16.4,AAB_CC_ST_16.4,a,Stool,4-Oct-2013,NA,PreCC,-45,PreDiet,-221,PreAbx,-299,NA,NA,-
S127,AAB,AAB_16.6,AAB_CC_ST_16.6,a,Stool,5-Oct-2013,NA,PreCC,-44,PreDiet,-220,PreAbx,-298,NA,NA,-
S128,AAB,AAB_16.8,AAB_CC_ST_16.8,a,Stool,6-Oct-2013,NA,PreCC,-43,PreDiet,-219,PreAbx,-297,NA,NA,-
S129,AAB,AAB_17,AAB_CC_ST_17,a,Stool,7-Oct-2013,NA,PreCC,-42,PreDiet,-218,PreAbx,-296,NA,NA,-
S130,AAB,AAB_18,AAB_CC_ST_18,a,Stool,14-Oct-2013,NA,PreCC,-35,PreDiet,-211,PreAbx,-289,NA,NA,-
S131,AAB,AAB_19,AAB_CC_ST_19,a,Stool,21-Oct-2013,NA,PreCC,-28,PreDiet,-204,PreAbx,-282,NA,NA,-
S132,AAB,AAB_20,AAB_CC_ST_20,b,Stool,28-Oct-2013,NA,PreCC,-21,PreDiet,-197,PreAbx,-275,NA,NA,-
S133,AAB,AAB_21,AAB_CC_ST_21,a,Stool,4-Nov-2013,NA,PreCC,-14,PreDiet,-190,PreAbx,-268,NA,NA,-
S134,AAB,AAB_22,AAB_CC_ST_22,a,Stool,11-Nov-2013,NA,PreCC,-7,PreDiet,-183,PreAbx,-261,NA,NA,-
S135,AAB,AAB_22.2,AAB_CC_ST_22.2,a,Stool,12-Nov-2013,NA,PreCC,-6,PreDiet,-182,PreAbx,-260,NA,NA,-
S136,AAB,AAB_22.4,AAB_CC_ST_22.4,a,Stool,13-Nov-2013,NA,PreCC,-5,PreDiet,-181,PreAbx,-259,NA,NA,-
S137,AAB,AAB_23,AAB_CC_ST_23,a,Stool,14-Nov-2013,NA,PreCC,-4,PreDiet,-180,PreAbx,-258,NA,NA,-
S138,AAB,AAB_24,AAB_CC_ST_24,c,Stool,15-Nov-2013,NA,PreCC,-3,PreDiet,-179,PreAbx,-257,NA,NA,-
S139,AAB,AAB_25,AAB_CC_ST_25,a,Stool,16-Nov-2013,NA,PreCC,-2,PreDiet,-178,PreAbx,-256,NA,NA,-
S140,AAB,AAB_26,AAB_CC_ST_26,a,Stool,17-Nov-2013,NA,PreCC,-1,PreDiet,-177,PreAbx,-255,NA,NA,-
S141,AAB,AAB_27,AAB_CC_ST_27,a,Stool,18-Nov-2013,NA,PreCC,0,PreDiet,-176,PreAbx,-254,NA,NA,-
S142,AAB,AAB_28,AAB_CC_ST_28,a,Stool,19-Nov-2013,NA,PostCC,1,PreDiet,-175,PreAbx,-253,NA,NA,-
S143,AAB,AAB_29,AAB_CC_ST_29,a,Stool,20-Nov-2013,NA,PostCC,2,PreDiet,-174,PreAbx,-252,NA,NA,-
S144,AAB,AAB_30,AAB_CC_ST_30,a,Stool,21-Nov-2013,NA,PostCC,3,PreDiet,-173,PreAbx,-251,NA,NA,-
S145,AAB,AAB_31,AAB_CC_ST_31,a,Stool,22-Nov-2013,NA,PostCC,4,PreDiet,-172,PreAbx,-250,NA,NA,-
S146,AAB,AAB_32,AAB_CC_ST_32,a,Stool,23-Nov-2013,NA,PostCC,5,PreDiet,-171,PreAbx,-249,NA,NA,-
S147,AAB,AAB_33,AAB_CC_ST_33,a,Stool,24-Nov-2013,NA,PostCC,6,PreDiet,-170,PreAbx,-248,NA,NA,-
S148,AAB,AAB_34,AAB_CC_ST_34,a,Stool,25-Nov-2013,NA,PostCC,7,PreDiet,-169,PreAbx,-247,NA,NA,-
S149,AAB,AAB_34.2,AAB_CC_ST_34.2,a,Stool,27-Nov-2013,NA,PostCC,9,PreDiet,-167,PreAbx,-245,NA,NA,-
S150,AAB,AAB_34.4,AAB_CC_ST_34.4,a,Stool,29-Nov-2013,NA,PostCC,11,PreDiet,-165,PreAbx,-243,NA,NA,-
S151,AAB,AAB_35,AAB_CC_ST_35,a,Stool,2-Dec-2013,NA,PostCC,14,PreDiet,-162,PreAbx,-240,NA,NA,-
S152,AAB,AAB_35.2,AAB_CC_ST_35.2,a,Stool,5-Dec-2013,NA,PostCC,17,PreDiet,-159,PreAbx,-237,NA,NA,-
S153,AAB,AAB_36,AAB_CC_ST_36,a,Stool,9-Dec-2013,NA,PostCC,21,PreDiet,-155,PreAbx,-233,NA,NA,-
S154,AAB,AAB_37,AAB_CC_ST_37,a,Stool,16-Dec-2013,NA,PostCC,28,PreDiet,-148,PreAbx,-226,NA,NA,-
S155,AAB,AAB_38,AAB_CC_ST_38,a,Stool,23-Dec-2013,NA,PostCC,35,PreDiet,-141,PreAbx,-219,NA,NA,-
S156,AAB,AAB_38.1,AAB_CC_ST_38.1,NA,Stool,24-Dec-2013,NA,PostCC,36,PreDiet,-140,PreAbx,-218,NA,NA,-
S157,AAB,AAB_38.2,AAB_CC_ST_38.2,NA,Stool,25-Dec-2013,NA,PostCC,37,PreDiet,-139,PreAbx,-217,NA,NA,-
S158,AAB,AAB_38.4,AAB_CC_ST_38.4,NA,Stool,26-Dec-2013,NA,PostCC,38,PreDiet,-138,PreAbx,-216,NA,NA,-
S159,AAB,AAB_38.6,AAB_CC_ST_38.6,NA,Stool,27-Dec-2013,NA,PostCC,39,PreDiet,-137,PreAbx,-215,NA,NA,-
S160,AAB,AAB_38.8,AAB_CC_ST_38.8,NA,Stool,28-Dec-2013,NA,PostCC,40,PreDiet,-136,PreAbx,-214,NA,NA,-
S161,AAB,AAB_38.9,AAB_CC_ST_38.9,NA,Stool,29-Dec-2013,NA,PostCC,41,PreDiet,-135,PreAbx,-213,NA,NA,-
S162,AAB,AAB_39,AAB_CC_ST_39,a,Stool,30-Dec-2013,NA,PostCC,42,PreDiet,-134,PreAbx,-212,NA,NA,-
S163,AAB,AAB_40,AAB_CC_ST_40,a,Stool,6-Jan-2014,NA,PostCC,49,PreDiet,-127,PreAbx,-205,NA,NA,-
S164,AAB,AAB_41,AAB_CC_ST_41,a,Stool,13-Jan-2014,NA,PostCC,56,PreDiet,-120,PreAbx,-198,NA,NA,-
S165,AAB,AAB_42,AAB_CC_ST_42,a,Stool,20-Jan-2014,NA,PostCC,63,PreDiet,-113,PreAbx,-191,NA,NA,-
S166,AAB,AAB_42.2,AAB_CC_ST_42.2,a,Stool,21-Jan-2014,NA,PostCC,64,PreDiet,-112,PreAbx,-190,NA,NA,-
S167,AAB,AAB_42.4,AAB_CC_ST_42.4,a,Stool,22-Jan-2014,NA,PostCC,65,PreDiet,-111,PreAbx,-189,NA,NA,-
S168,AAB,AAB_42.6,AAB_CC_ST_42.6,a,Stool,23-Jan-2014,NA,PostCC,66,PreDiet,-110,PreAbx,-188,NA,NA,-
S169,AAB,AAB_42.8,AAB_CC_ST_42.8,a,Stool,24-Jan-2014,NA,PostCC,67,PreDiet,-109,PreAbx,-187,NA,NA,-
S170,AAB,AAB_43,AAB_CC_ST_43,a,Stool,27-Jan-2014,NA,PostCC,70,PreDiet,-106,PreAbx,-184,NA,NA,-
S171,AAB,AAB_43.2,AAB_CC_ST_43.2,a,Stool,3-Feb-2014,NA,PostCC,77,PreDiet,-99,PreAbx,-177,NA,NA,-
S172,AAB,AAB_DA_1,AAB_DA_ST_1,NA,Stool,7-Feb-2014,NA,PostCC,81,PreDiet,-95,PreAbx,-173,NA,NA,-
S173,AAB,AAB_DA_2,AAB_DA_ST_2,NA,Stool,8-Feb-2014,NA,PostCC,82,PreDiet,-94,PreAbx,-172,NA,NA,-
S174,AAB,AAB_DA_3,AAB_DA_ST_3,NA,Stool,9-Feb-2014,NA,PostCC,83,PreDiet,-93,PreAbx,-171,NA,NA,-
S175,AAB,AAB_43.4,AAB_CC_ST_43.4,a,Stool,10-Feb-2014,NA,PostCC,84,PreDiet,-92,PreAbx,-170,NA,NA,-
S176,AAB,AAB_DA_4,AAB_DA_ST_4,NA,Stool,10-Feb-2014,NA,PostCC,84,PreDiet,-92,PreAbx,-170,NA,NA,-
S177,AAB,AAB_DA_5,AAB_DA_ST_5,NA,Stool,11-Feb-2014,NA,PostCC,85,PreDiet,-91,PreAbx,-169,NA,NA,-
S178,AAB,AAB_DA_6,AAB_DA_ST_6,NA,Stool,12-Feb-2014,NA,PostCC,86,PreDiet,-90,PreAbx,-168,NA,NA,-
S179,AAB,AAB_DA_7,AAB_DA_ST_7,NA,Stool,13-Feb-2014,NA,PostCC,87,PreDiet,-89,PreAbx,-167,NA,NA,-
S180,AAB,AAB_DA_8,AAB_DA_ST_8,NA,Stool,14-Feb-2014,NA,PostCC,88,PreDiet,-88,PreAbx,-166,NA,NA,-
S181,AAB,AAB_43.6,AAB_CC_ST_43.6,a,Stool,17-Feb-2014,NA,PostCC,91,PreDiet,-85,PreAbx,-163,NA,NA,-
S182,AAB,AAB_DA_9,AAB_DA_ST_9,NA,Stool,18-Feb-2014,NA,PostCC,92,PreDiet,-84,PreAbx,-162,NA,NA,-
S183,AAB,AAB_43.8,AAB_CC_ST_43.8,a,Stool,25-Feb-2014,NA,PostCC,99,PreDiet,-77,PreAbx,-155,NA,NA,-
S184,AAB,AAB_DA_11,AAB_DA_ST_11,NA,Stool,4-Mar-2014,NA,PostCC,106,PreDiet,-70,PreAbx,-148,NA,NA,-
S185,AAB,AAB_DA_12,AAB_DA_ST_12,NA,Stool,10-Mar-2014,NA,PostCC,112,PreDiet,-64,PreAbx,-142,NA,NA,-
S186,AAB,AAB_DA_13,AAB_DA_ST_13,NA,Stool,18-Mar-2014,NA,PostCC,120,PreDiet,-56,PreAbx,-134,NA,NA,-
S187,AAB,AAB_DA_14,AAB_DA_ST_14,NA,Stool,25-Mar-2014,NA,PostCC,127,PreDiet,-49,PreAbx,-127,NA,NA,-
S188,AAB,AAB_DA_15,AAB_DA_ST_15,NA,Stool,31-Mar-2014,NA,PostCC,133,PreDiet,-43,PreAbx,-121,NA,NA,-
S189,AAB,AAB_49,AAB_CC_ST_April1,NA,Stool,1-Apr-2014,NA,PostCC,134,PreDiet,-42,PreAbx,-120,NA,NA,-
S190,AAB,AAB_DA_16,AAB_DA_ST_16,NA,Stool,7-Apr-2014,NA,PostCC,140,PreDiet,-36,PreAbx,-114,NA,NA,-
S191,AAB,AAB_DA_17,AAB_DA_ST_17,NA,Stool,15-Apr-2014,NA,PostCC,148,PreDiet,-28,PreAbx,-106,NA,NA,-
S192,AAB,AAB_DA_18,AAB_DA_ST_18,NA,Stool,21-Apr-2014,NA,PostCC,154,PreDiet,-22,PreAbx,-100,NA,NA,-
S193,AAB,AAB_DA_19,AAB_DA_ST_19,NA,Stool,28-Apr-2014,NA,PostCC,161,PreDiet,-15,PreAbx,-93,NA,NA,-
S194,AAB,AAB_DA_20,AAB_DA_ST_20,NA,Stool,4-May-2014,NA,PostCC,167,PreDiet,-9,PreAbx,-87,NA,NA,-
S195,AAB,AAB_DA_21,AAB_DA_ST_21,NA,Stool,5-May-2014,NA,PostCC,168,PreDiet,-8,PreAbx,-86,NA,NA,-
S196,AAB,AAB_DA_22,AAB_DA_ST_22,NA,Stool,6-May-2014,NA,PostCC,169,PreDiet,-7,PreAbx,-85,NA,NA,-
S197,AAB,AAB_DA_23,AAB_DA_ST_23,NA,Stool,7-May-2014,NA,PostCC,170,PreDiet,-6,PreAbx,-84,NA,NA,-
S198,AAB,AAB_DA_24,AAB_DA_ST_24,NA,Stool,8-May-2014,NA,PostCC,171,PreDiet,-5,PreAbx,-83,NA,NA,-
S199,AAB,AAB_DA_25,AAB_DA_ST_25,NA,Stool,9-May-2014,NA,PostCC,172,PreDiet,-4,PreAbx,-82,NA,NA,-
S200,AAB,AAB_DA_26,AAB_DA_ST_26,NA,Stool,10-May-2014,NA,PostCC,173,PreDiet,-3,PreAbx,-81,NA,NA,-
S201,AAB,AAB_DA_27,AAB_DA_ST_27,NA,Stool,11-May-2014,NA,PostCC,174,PreDiet,-2,PreAbx,-80,NA,NA,-
S202,AAB,AAB_DA_28,AAB_DA_ST_28,NA,Stool,12-May-2014,NA,PostCC,175,PreDiet,-1,PreAbx,-79,NA,NA,-
S203,AAB,AAB_DA_29,AAB_DA_ST_29,NA,Stool,13-May-2014,NA,PostCC,176,Diet,0,PreAbx,-78,NA,NA,-
S204,AAB,AAB_DA_30,AAB_DA_ST_30,NA,Stool,14-May-2014,NA,PostCC,177,Diet,1,PreAbx,-77,NA,NA,-
S205,AAB,AAB_DA_31,AAB_DA_ST_31,NA,Stool,15-May-2014,NA,PostCC,178,Diet,2,PreAbx,-76,NA,NA,-
S206,AAB,AAB_DA_32,AAB_DA_ST_32,NA,Stool,16-May-2014,NA,PostCC,179,Diet,3,PreAbx,-75,NA,NA,-
S207,AAB,AAB_DA_33,AAB_DA_ST_33,NA,Stool,17-May-2014,NA,PostCC,180,Diet,4,PreAbx,-74,NA,NA,-
S208,AAB,AAB_DA_34,AAB_DA_ST_34,NA,Stool,18-May-2014,NA,PostCC,181,PostDiet,5,PreAbx,-73,NA,NA,-
S209,AAB,AAB_DA_35,AAB_DA_ST_35,NA,Stool,19-May-2014,NA,PostCC,182,PostDiet,6,PreAbx,-72,NA,NA,-
S210,AAB,AAB_DA_36,AAB_DA_ST_36,NA,Stool,20-May-2014,NA,PostCC,183,PostDiet,7,PreAbx,-71,NA,NA,-
S211,AAB,AAB_DA_37,AAB_DA_ST_37,NA,Stool,21-May-2014,NA,PostCC,184,PostDiet,8,PreAbx,-70,NA,NA,-
S212,AAB,AAB_DA_38,AAB_DA_ST_38,NA,Stool,22-May-2014,NA,PostCC,185,PostDiet,9,PreAbx,-69,NA,NA,-
S213,AAB,AAB_DA_39,AAB_DA_ST_39,NA,Stool,23-May-2014,NA,PostCC,186,PostDiet,10,PreAbx,-68,NA,NA,-
S214,AAB,AAB_DA_40,AAB_DA_ST_40,NA,Stool,24-May-2014,NA,PostCC,187,PostDiet,11,PreAbx,-67,NA,NA,-
S215,AAB,AAB_DA_41,AAB_DA_ST_41,NA,Stool,25-May-2014,NA,PostCC,188,PostDiet,12,PreAbx,-66,NA,NA,-
S216,AAB,AAB_DA_42,AAB_DA_ST_42,NA,Stool,26-May-2014,NA,PostCC,189,PostDiet,13,PreAbx,-65,NA,NA,-
S217,AAB,AAB_DA_43,AAB_DA_ST_43,NA,Stool,2-Jun-2014,NA,PostCC,196,PostDiet,20,PreAbx,-58,NA,NA,-
S218,AAD,AAD_1,AAD_CC_ST_1,NA,Stool,10-Aug-2013,NA,PreCC,-70,NA,NA,NA,NA,NA,NA,-
S219,AAD,AAD_2,AAD_CC_ST_2,NA,Stool,13-Aug-2013,NA,PreCC,-67,NA,NA,NA,NA,NA,NA,-
S220,AAD,AAD_3,AAD_CC_ST_3,NA,Stool,14-Aug-2013,NA,PreCC,-66,NA,NA,NA,NA,NA,NA,-
S221,AAD,AAD_4,AAD_CC_ST_4,NA,Stool,15-Aug-2013,NA,PreCC,-65,NA,NA,NA,NA,NA,NA,-
S222,AAD,AAD_5,AAD_CC_ST_5,NA,Stool,16-Aug-2013,NA,PreCC,-64,NA,NA,NA,NA,NA,NA,-
S223,AAD,AAD_6,AAD_CC_ST_6,NA,Stool,17-Aug-2013,NA,PreCC,-63,NA,NA,NA,NA,NA,NA,-
S224,AAD,AAD_7,AAD_CC_ST_7,NA,Stool,24-Aug-2013,NA,PreCC,-56,NA,NA,NA,NA,NA,NA,-
S225,AAD,AAD_8,AAD_CC_ST_8,NA,Stool,31-Aug-2013,NA,PreCC,-49,NA,NA,NA,NA,NA,NA,-
S226,AAD,AAD_9,AAD_CC_ST_9,NA,Stool,9-Sep-2013,NA,PreCC,-40,NA,NA,NA,NA,NA,NA,-
S227,AAD,AAD_10,AAD_CC_ST_10,NA,Stool,14-Sep-2013,NA,PreCC,-35,NA,NA,NA,NA,NA,NA,-
S228,AAD,AAD_11,AAD_CC_ST_11,NA,Stool,21-Sep-2013,NA,PreCC,-28,NA,NA,NA,NA,NA,NA,-
S229,AAD,AAD_12,AAD_CC_ST_12,NA,Stool,28-Sep-2013,NA,PreCC,-21,NA,NA,NA,NA,NA,NA,-
S230,AAD,AAD_13,AAD_CC_ST_13,NA,Stool,5-Oct-2013,NA,PreCC,-14,NA,NA,NA,NA,NA,NA,-
S231,AAD,AAD_14,AAD_CC_ST_14,NA,Stool,12-Oct-2013,NA,PreCC,-7,NA,NA,NA,NA,NA,NA,-
S232,AAD,AAD_15,AAD_CC_ST_15,NA,Stool,13-Oct-2013,NA,PreCC,-6,NA,NA,NA,NA,NA,NA,-
S233,AAD,AAD_16,AAD_CC_ST_16,NA,Stool,14-Oct-2013,NA,PreCC,-5,NA,NA,NA,NA,NA,NA,-
S234,AAD,AAD_17,AAD_CC_ST_17,NA,Stool,15-Oct-2013,NA,PreCC,-4,NA,NA,NA,NA,NA,NA,-
S235,AAD,AAD_18,AAD_CC_ST_18,NA,Stool,16-Oct-2013,NA,PreCC,-3,NA,NA,NA,NA,NA,NA,-
S236,AAD,AAD_19,AAD_CC_ST_19,NA,Stool,17-Oct-2013,NA,PreCC,-2,NA,NA,NA,NA,NA,NA,-
S237,AAD,AAD_20,AAD_CC_ST_20,NA,Stool,18-Oct-2013,NA,PreCC,-1,NA,NA,NA,NA,NA,NA,-
S238,AAD,AAD_22,AAD_CC_ST_22,NA,Stool,21-Oct-2013,NA,PostCC,2,NA,NA,NA,NA,NA,NA,-
S239,AAD,AAD_23,AAD_CC_ST_23,NA,Stool,22-Oct-2013,NA,PostCC,3,NA,NA,NA,NA,NA,NA,-
S240,AAD,AAD_24,AAD_CC_ST_24,NA,Stool,23-Oct-2013,NA,PostCC,4,NA,NA,NA,NA,NA,NA,-
S241,AAD,AAD_25,AAD_CC_ST_25,NA,Stool,24-Oct-2013,NA,PostCC,5,NA,NA,NA,NA,NA,NA,-
S242,AAD,AAD_26,AAD_CC_ST_26,NA,Stool,25-Oct-2013,NA,PostCC,6,NA,NA,NA,NA,NA,NA,-
S243,AAD,AAD_27,AAD_CC_ST_27,NA,Stool,26-Oct-2013,NA,PostCC,7,NA,NA,NA,NA,NA,NA,-
S244,AAD,AAD_28,AAD_CC_ST_28,NA,Stool,28-Oct-2013,NA,PostCC,9,NA,NA,NA,NA,NA,NA,-
S245,AAD,AAD_29,AAD_CC_ST_29,NA,Stool,30-Oct-2013,NA,PostCC,11,NA,NA,NA,NA,NA,NA,-
S246,AAD,AAD_30,AAD_CC_ST_30,NA,Stool,2-Nov-2013,NA,PostCC,14,NA,NA,NA,NA,NA,NA,-
S247,AAD,AAD_31,AAD_CC_ST_31,NA,Stool,5-Nov-2013,NA,PostCC,17,NA,NA,NA,NA,NA,NA,-
S248,AAD,AAD_32,AAD_CC_ST_32,NA,Stool,10-Nov-2013,NA,PostCC,22,NA,NA,NA,NA,NA,NA,-
S249,AAD,AAD_33,AAD_CC_ST_33,NA,Stool,17-Nov-2013,NA,PostCC,29,NA,NA,NA,NA,NA,NA,-
S250,AAD,AAD_34,AAD_CC_ST_34,NA,Stool,23-Nov-2013,NA,PostCC,35,NA,NA,NA,NA,NA,NA,-
S251,AAD,AAD_35,AAD_CC_ST_35,NA,Stool,1-Dec-2013,NA,PostCC,43,NA,NA,NA,NA,NA,NA,-
S252,AAD,AAD_36,AAD_CC_ST_36,NA,Stool,7-Dec-2013,NA,PostCC,49,NA,NA,NA,NA,NA,NA,-
S253,AAD,AAD_37,AAD_CC_ST_37,NA,Stool,15-Dec-2013,NA,PostCC,57,NA,NA,NA,NA,NA,NA,-
S254,AAD,AAD_38,AAD_CC_ST_38,NA,Stool,21-Dec-2013,NA,PostCC,63,NA,NA,NA,NA,NA,NA,-
S255,AAD,AAD_39,AAD_CC_ST_39,NA,Stool,28-Dec-2013,NA,PostCC,70,NA,NA,NA,NA,NA,NA,-
S256,AAF,AAF_30,AAF_CC_ST_30,NA,Stool,18-Nov-2013,NA,PreCC,-75,NA,NA,NA,NA,NA,NA,-
S257,AAF,AAF_29,AAF_CC_ST_29,NA,Stool,20-Nov-2013,NA,PreCC,-73,NA,NA,NA,NA,NA,NA,-
S258,AAF,AAF_28,AAF_CC_ST_28,NA,Stool,21-Nov-2013,NA,PreCC,-72,NA,NA,NA,NA,NA,NA,-
S259,AAF,AAF_26,AAF_CC_ST_26,NA,Stool,22-Nov-2013,9:00:00,PreCC,-71,NA,NA,NA,NA,NA,NA,-
S260,AAF,AAF_27,AAF_CC_ST_27,NA,Stool,22-Nov-2013,17:00:00,PreCC,-71,NA,NA,NA,NA,NA,NA,-
S261,AAF,AAF_34,AAF_CC_ST_34,NA,Stool,2-Dec-2013,NA,PreCC,-61,NA,NA,NA,NA,NA,NA,-
S262,AAF,AAF_33,AAF_CC_ST_33,NA,Stool,9-Dec-2013,NA,PreCC,-54,NA,NA,NA,NA,NA,NA,-
S263,AAF,AAF_1,AAF_CC_ST_1,NA,Stool,16-Dec-2013,NA,PreCC,-47,NA,NA,NA,NA,NA,NA,-
S264,AAF,AAF_6,AAF_CC_ST_6,NA,Stool,23-Dec-2013,NA,PreCC,-40,NA,NA,NA,NA,NA,NA,-
S265,AAF,AAF_4,AAF_CC_ST_4,NA,Stool,2-Jan-2014,NA,PreCC,-30,NA,NA,NA,NA,NA,NA,-
S266,AAF,AAF_2,AAF_CC_ST_2,NA,Stool,6-Jan-2014,NA,PreCC,-26,NA,NA,NA,NA,NA,NA,-
S267,AAF,AAF_3,AAF_CC_ST_3,NA,Stool,13-Jan-2014,NA,PreCC,-19,NA,NA,NA,NA,NA,NA,-
S268,AAF,AAF_5,AAF_CC_ST_5,NA,Stool,20-Jan-2014,NA,PreCC,-12,NA,NA,NA,NA,NA,NA,-
S269,AAF,AAF_7,AAF_CC_ST_7,NA,Stool,24-Jan-2014,NA,PreCC,-8,NA,NA,NA,NA,NA,NA,-
S270,AAF,AAF_8,AAF_CC_ST_8,NA,Stool,25-Jan-2014,NA,PreCC,-7,NA,NA,NA,NA,NA,NA,-
S271,AAF,AAF_9,AAF_CC_ST_9,NA,Stool,26-Jan-2014,NA,PreCC,-6,NA,NA,NA,NA,NA,NA,-
S272,AAF,AAF_10,AAF_CC_ST_10,NA,Stool,27-Jan-2014,NA,PreCC,-5,NA,NA,NA,NA,NA,NA,-
S273,AAF,AAF_11,AAF_CC_ST_11,NA,Stool,29-Jan-2014,NA,PreCC,-3,NA,NA,NA,NA,NA,NA,-
S274,AAF,AAF_12,AAF_CC_ST_12,NA,Stool,30-Jan-2014,NA,PreCC,-2,NA,NA,NA,NA,NA,NA,-
S275,AAF,AAF_13,AAF_CC_ST_13,NA,Stool,31-Jan-2014,NA,PreCC,-1,NA,NA,NA,NA,NA,NA,-
S276,AAF,AAF_14,AAF_CC_ST_14,NA,Stool,2-Feb-2014,NA,PostCC,1,NA,NA,NA,NA,NA,NA,-
S277,AAF,AAF_15,AAF_CC_ST_15,NA,Stool,3-Feb-2014,NA,PostCC,2,NA,NA,NA,NA,NA,NA,-
S278,AAF,AAF_16,AAF_CC_ST_16,NA,Stool,5-Feb-2014,9:00:00,PostCC,4,NA,NA,NA,NA,NA,NA,-
S279,AAF,AAF_17,AAF_CC_ST_17,NA,Stool,5-Feb-2014,17:00:00,PostCC,4,NA,NA,NA,NA,NA,NA,-
S280,AAF,AAF_18,AAF_CC_ST_18,NA,Stool,6-Feb-2014,NA,PostCC,5,NA,NA,NA,NA,NA,NA,-
S281,AAF,AAF_19,AAF_CC_ST_19,NA,Stool,7-Feb-2014,NA,PostCC,6,NA,NA,NA,NA,NA,NA,-
S282,AAF,AAF_20,AAF_CC_ST_20,NA,Stool,9-Feb-2014,NA,PostCC,8,NA,NA,NA,NA,NA,NA,-
S283,AAF,AAF_21,AAF_CC_ST_21,NA,Stool,13-Feb-2014,NA,PostCC,12,NA,NA,NA,NA,NA,NA,-
S284,AAF,AAF_22,AAF_CC_ST_22,NA,Stool,15-Feb-2014,NA,PostCC,14,NA,NA,NA,NA,NA,NA,-
S285,AAF,AAF_23,AAF_CC_ST_23,NA,Stool,17-Feb-2014,NA,PostCC,16,NA,NA,NA,NA,NA,NA,-
S286,AAF,AAF_24,AAF_CC_ST_24,NA,Stool,21-Feb-2014,NA,PostCC,20,NA,NA,NA,NA,NA,NA,-
S287,AAF,AAF_25,AAF_CC_ST_25,NA,Stool,10-Mar-2014,NA,PostCC,37,NA,NA,NA,NA,NA,NA,-
S288,AAF,AAF_31,AAF_CC_ST_31,NA,Stool,17-Mar-2014,NA,PostCC,44,NA,NA,NA,NA,NA,NA,-
S289,AAF,AAF_32,AAF_CC_ST_32,NA,Stool,24-Mar-2014,NA,PostCC,51,NA,NA,NA,NA,NA,NA,-
S290,AAF,AAF_35,AAF_CC_ST_35,NA,Stool,31-Mar-2014,NA,PostCC,58,NA,NA,NA,NA,NA,NA,-
S291,AAF,AAF_36,AAF_CC_ST_36,NA,Stool,7-Apr-2014,NA,PostCC,65,NA,NA,NA,NA,NA,NA,-
S292,AAF,AAF_37,AAF_CC_ST_37,NA,Stool,14-Apr-2014,NA,PostCC,72,NA,NA,NA,NA,NA,NA,-
S293,AAF,AAF_38,AAF_CC_ST_38,NA,Stool,21-Apr-2014,NA,PostCC,79,NA,NA,NA,NA,NA,NA,-
S294,AAG,AAG_1,AAG_CC_ST_1,NA,Stool,21-Aug-2013,NA,PreCC,-74,NA,NA,NA,NA,NA,NA,-
S295,AAG,AAG_2,AAG_CC_ST_2,NA,Stool,28-Aug-2013,NA,PreCC,-67,NA,NA,NA,NA,NA,NA,-
S296,AAG,AAG_3,AAG_CC_ST_3,NA,Stool,4-Sep-2013,NA,PreCC,-60,NA,NA,NA,NA,NA,NA,-
S297,AAG,AAG_4,AAG_CC_ST_4,NA,Stool,11-Sep-2013,NA,PreCC,-53,NA,NA,NA,NA,NA,NA,-
S298,AAG,AAG_5,AAG_CC_ST_5,NA,Stool,19-Sep-2013,NA,PreCC,-45,NA,NA,NA,NA,NA,NA,-
S299,AAG,AAG_6,AAG_CC_ST_6,NA,Stool,23-Sep-2013,NA,PreCC,-41,NA,NA,NA,NA,NA,NA,-
S300,AAG,AAG_7,AAG_CC_ST_7,NA,Stool,24-Sep-2013,NA,PreCC,-40,NA,NA,NA,NA,NA,NA,-
S301,AAG,AAG_8,AAG_CC_ST_8,NA,Stool,25-Sep-2013,NA,PreCC,-39,NA,NA,NA,NA,NA,NA,-
S302,AAG,AAG_9,AAG_CC_ST_9,NA,Stool,26-Sep-2013,NA,PreCC,-38,NA,NA,NA,NA,NA,NA,-
S303,AAG,AAG_10,AAG_CC_ST_10,NA,Stool,27-Sep-2013,NA,PreCC,-37,NA,NA,NA,NA,NA,NA,-
S304,AAG,AAG_11,AAG_CC_ST_11,NA,Stool,2-Oct-2013,NA,PreCC,-32,NA,NA,NA,NA,NA,NA,-
S305,AAG,AAG_12,AAG_CC_ST_12,NA,Stool,9-Oct-2013,NA,PreCC,-25,NA,NA,NA,NA,NA,NA,-
S306,AAG,AAG_13,AAG_CC_ST_13,NA,Stool,16-Oct-2013,NA,PreCC,-18,NA,NA,NA,NA,NA,NA,-
S307,AAG,AAG_14,AAG_CC_ST_14,NA,Stool,23-Oct-2013,NA,PreCC,-11,NA,NA,NA,NA,NA,NA,-
S308,AAG,AAG_41,AAG_CC_ST_41,NA,Stool,27-Oct-2013,NA,PreCC,-7,NA,NA,NA,NA,NA,NA,-
S309,AAG,AAG_15,AAG_CC_ST_15,NA,Stool,28-Oct-2013,NA,PreCC,-6,NA,NA,NA,NA,NA,NA,-
S310,AAG,AAG_16,AAG_CC_ST_16,NA,Stool,29-Oct-2013,NA,PreCC,-5,NA,NA,NA,NA,NA,NA,-
S311,AAG,AAG_17,AAG_CC_ST_17,NA,Stool,30-Oct-2013,NA,PreCC,-4,NA,NA,NA,NA,NA,NA,-
S312,AAG,AAG_18,AAG_CC_ST_18,NA,Stool,31-Oct-2013,NA,PreCC,-3,NA,NA,NA,NA,NA,NA,-
S313,AAG,AAG_19,AAG_CC_ST_19,NA,Stool,1-Nov-2013,NA,PreCC,-2,NA,NA,NA,NA,NA,NA,-
S314,AAG,AAG_26,AAG_CC_ST_26,NA,Stool,2-Nov-2013,NA,PreCC,-1,NA,NA,NA,NA,NA,NA,-
S315,AAG,AAG_20,AAG_CC_ST_20,NA,Stool,4-Nov-2013,NA,PostCC,1,NA,NA,NA,NA,NA,NA,-
S316,AAG,AAG_21,AAG_CC_ST_21,NA,Stool,5-Nov-2013,NA,PostCC,2,NA,NA,NA,NA,NA,NA,-
S317,AAG,AAG_22,AAG_CC_ST_22,NA,Stool,6-Nov-2013,NA,PostCC,3,NA,NA,NA,NA,NA,NA,-
S318,AAG,AAG_23,AAG_CC_ST_23,NA,Stool,7-Nov-2013,NA,PostCC,4,NA,NA,NA,NA,NA,NA,-
S319,AAG,AAG_24,AAG_CC_ST_24,NA,Stool,8-Nov-2013,NA,PostCC,5,NA,NA,NA,NA,NA,NA,-
S320,AAG,AAG_25,AAG_CC_ST_25,NA,Stool,9-Nov-2013,NA,PostCC,6,NA,NA,NA,NA,NA,NA,-
S321,AAG,AAG_28,AAG_CC_ST_28,NA,Stool,10-Nov-2013,NA,PostCC,7,NA,NA,NA,NA,NA,NA,-
S322,AAG,AAG_29,AAG_CC_ST_29,NA,Stool,12-Nov-2013,NA,PostCC,9,NA,NA,NA,NA,NA,NA,-
S323,AAG,AAG_30,AAG_CC_ST_30,NA,Stool,14-Nov-2013,NA,PostCC,11,NA,NA,NA,NA,NA,NA,-
S324,AAG,AAG_27,AAG_CC_ST_27,NA,Stool,18-Nov-2013,NA,PostCC,15,NA,NA,NA,NA,NA,NA,-
S325,AAG,AAG_33,AAG_CC_ST_33,NA,Stool,26-Nov-2013,NA,PostCC,23,NA,NA,NA,NA,NA,NA,-
S326,AAG,AAG_34,AAG_CC_ST_34,NA,Stool,4-Dec-2013,NA,PostCC,31,NA,NA,NA,NA,NA,NA,-
S327,AAG,AAG_35,AAG_CC_ST_35,NA,Stool,11-Dec-2013,NA,PostCC,38,NA,NA,NA,NA,NA,NA,-
S328,AAG,AAG_40,AAG_CC_ST_40,NA,Stool,18-Dec-2013,NA,PostCC,45,NA,NA,NA,NA,NA,NA,-
S329,AAG,AAG_39,AAG_CC_ST_39,NA,Stool,26-Dec-2013,NA,PostCC,53,NA,NA,NA,NA,NA,NA,-
S330,AAG,AAG_38,AAG_CC_ST_38,NA,Stool,3-Jan-2014,NA,PostCC,61,NA,NA,NA,NA,NA,NA,-
S331,AAG,AAG_31,AAG_CC_ST_31,NA,Stool,8-Jan-2014,NA,PostCC,66,NA,NA,NA,NA,NA,NA,-
S332,AAG,AAG_32,AAG_CC_ST_32,NA,Stool,15-Jan-2014,NA,PostCC,73,NA,NA,NA,NA,NA,NA,-
S333,AAI,AAI_1,AAI_CC_ST_1,NA,Stool,10-Sep-2013,NA,PreCC,-90,NA,NA,NA,NA,NA,NA,-
S334,AAI,AAI_2,AAI_CC_ST_2,NA,Stool,11-Sep-2013,NA,PreCC,-89,NA,NA,NA,NA,NA,NA,-
S335,AAI,AAI_3,AAI_CC_ST_3,NA,Stool,12-Sep-2013,NA,PreCC,-88,NA,NA,NA,NA,NA,NA,-
S336,AAI,AAI_4,AAI_CC_ST_4,NA,Stool,15-Sep-2013,NA,PreCC,-85,NA,NA,NA,NA,NA,NA,-
S337,AAI,AAI_5,AAI_CC_ST_5,NA,Stool,16-Sep-2013,NA,PreCC,-84,NA,NA,NA,NA,NA,NA,-
S338,AAI,AAI_6,AAI_CC_ST_6,NA,Stool,17-Sep-2013,NA,PreCC,-83,NA,NA,NA,NA,NA,NA,-
S339,AAI,AAI_7,AAI_CC_ST_7,NA,Stool,24-Sep-2013,NA,PreCC,-76,NA,NA,NA,NA,NA,NA,-
S340,AAI,AAI_8,AAI_CC_ST_8,NA,Stool,1-Oct-2013,NA,PreCC,-69,NA,NA,NA,NA,NA,NA,-
S341,AAI,AAI_9,AAI_CC_ST_9,NA,Stool,8-Oct-2013,NA,PreCC,-62,NA,NA,NA,NA,NA,NA,-
S342,AAI,AAI_10,AAI_CC_ST_10,NA,Stool,14-Oct-2013,NA,PreCC,-56,NA,NA,NA,NA,NA,NA,-
S343,AAI,AAI_11,AAI_CC_ST_11,NA,Stool,15-Oct-2013,NA,PreCC,-55,NA,NA,NA,NA,NA,NA,-
S344,AAI,AAI_12,AAI_CC_ST_12,NA,Stool,16-Oct-2013,NA,PreCC,-54,NA,NA,NA,NA,NA,NA,-
S345,AAI,AAI_13,AAI_CC_ST_13,NA,Stool,17-Oct-2013,NA,PreCC,-53,NA,NA,NA,NA,NA,NA,-
S346,AAI,AAI_14,AAI_CC_ST_14,NA,Stool,18-Oct-2013,NA,PreCC,-52,NA,NA,NA,NA,NA,NA,-
S347,AAI,AAI_15,AAI_CC_ST_15,NA,Stool,22-Oct-2013,NA,PreCC,-48,NA,NA,NA,NA,NA,NA,-
S348,AAI,AAI_16,AAI_CC_ST_16,NA,Stool,29-Oct-2013,NA,PreCC,-41,NA,NA,NA,NA,NA,NA,-
S349,AAI,AAI_17,AAI_CC_ST_17,NA,Stool,12-Nov-2013,NA,PreCC,-27,NA,NA,NA,NA,NA,NA,-
S350,AAI,AAI_18,AAI_CC_ST_18,NA,Stool,19-Nov-2013,NA,PreCC,-20,NA,NA,NA,NA,NA,NA,-
S351,AAI,AAI_19,AAI_CC_ST_19,NA,Stool,26-Nov-2013,NA,PreCC,-13,NA,NA,NA,NA,NA,NA,-
S352,AAI,AAI_20,AAI_CC_ST_20,NA,Stool,2-Dec-2013,NA,PreCC,-7,NA,NA,NA,NA,NA,NA,-
S353,AAI,AAI_21,AAI_CC_ST_21,NA,Stool,4-Dec-2013,NA,PreCC,-5,NA,NA,NA,NA,NA,NA,-
S354,AAI,AAI_22,AAI_CC_ST_22,NA,Stool,5-Dec-2013,NA,PreCC,-4,NA,NA,NA,NA,NA,NA,-
S355,AAI,AAI_23,AAI_CC_ST_23,NA,Stool,7-Dec-2013,NA,PreCC,-2,NA,NA,NA,NA,NA,NA,-
S356,AAI,AAI_24,AAI_CC_ST_24,NA,Stool,8-Dec-2013,NA,PreCC,-1,NA,NA,NA,NA,NA,NA,-
S357,AAI,AAI_25,AAI_CC_ST_25,NA,Stool,10-Dec-2013,NA,PostCC,1,NA,NA,NA,NA,NA,NA,-
S358,AAI,AAI_26,AAI_CC_ST_26,NA,Stool,14-Dec-2013,NA,PostCC,5,NA,NA,NA,NA,NA,NA,-
S359,AAI,AAI_27,AAI_CC_ST_27,NA,Stool,15-Dec-2013,NA,PostCC,6,NA,NA,NA,NA,NA,NA,-
S360,AAI,AAI_28,AAI_CC_ST_28,NA,Stool,16-Dec-2013,NA,PostCC,7,NA,NA,NA,NA,NA,NA,-
S361,AAI,AAI_29,AAI_CC_ST_29,NA,Stool,17-Dec-2013,NA,PostCC,8,NA,NA,NA,NA,NA,NA,-
S362,AAI,AAI_30,AAI_CC_ST_30,NA,Stool,18-Dec-2013,NA,PostCC,9,NA,NA,NA,NA,NA,NA,-
S363,AAI,AAI_31,AAI_CC_ST_31,NA,Stool,19-Dec-2013,NA,PostCC,10,NA,NA,NA,NA,NA,NA,-
S364,AAI,AAI_32,AAI_CC_ST_32,NA,Stool,20-Dec-2013,NA,PostCC,11,NA,NA,NA,NA,NA,NA,-
S365,AAI,AAI_33,AAI_CC_ST_33,NA,Stool,26-Dec-2013,NA,PostCC,17,NA,NA,NA,NA,NA,NA,-
S366,AAI,AAI_34,AAI_CC_ST_34,NA,Stool,31-Dec-2013,NA,PostCC,22,NA,NA,NA,NA,NA,NA,-
S367,AAI,AAI_35,AAI_CC_ST_35,NA,Stool,7-Jan-2014,NA,PostCC,29,NA,NA,NA,NA,NA,NA,-
S368,AAI,AAI_36,AAI_CC_ST_36,NA,Stool,14-Jan-2014,NA,PostCC,36,NA,NA,NA,NA,NA,NA,-
S369,AAI,AAI_37,AAI_CC_ST_37,NA,Stool,21-Jan-2014,NA,PostCC,43,NA,NA,NA,NA,NA,NA,-
S370,AAI,AAI_38,AAI_CC_ST_38,NA,Stool,28-Jan-2014,NA,PostCC,50,NA,NA,NA,NA,NA,NA,-
S371,AAI,AAI_39,AAI_CC_ST_39,NA,Stool,4-Feb-2014,NA,PostCC,57,NA,NA,NA,NA,NA,NA,-
S372,AAI,AAI_40,AAI_CC_ST_40,NA,Stool,11-Feb-2014,NA,PostCC,64,NA,NA,NA,NA,NA,NA,-
S373,AAN,AAN_1,AAN_CC_ST_1,NA,Stool,10-Jul-2014,NA,PreCC,-86,NA,NA,NA,NA,NA,NA,-
S374,AAN,AAN_2,AAN_CC_ST_2,NA,Stool,11-Jul-2014,NA,PreCC,-85,NA,NA,NA,NA,NA,NA,-
S375,AAN,AAN_3,AAN_CC_ST_3,NA,Stool,12-Jul-2014,NA,PreCC,-84,NA,NA,NA,NA,NA,NA,-
S376,AAN,AAN_4,AAN_CC_ST_4,NA,Stool,13-Jul-2014,NA,PreCC,-83,NA,NA,NA,NA,NA,NA,-
S377,AAN,AAN_5,AAN_CC_ST_5,NA,Stool,19-Jul-2014,NA,PreCC,-77,NA,NA,NA,NA,NA,NA,-
S378,AAN,AAN_6,AAN_CC_ST_6,NA,Stool,20-Jul-2014,NA,PreCC,-76,NA,NA,NA,NA,NA,NA,-
S379,AAN,AAN_7,AAN_CC_ST_7,NA,Stool,24-Jul-2014,NA,PreCC,-72,NA,NA,NA,NA,NA,NA,-
S380,AAN,AAN_8,AAN_CC_ST_8,NA,Stool,28-Jul-2014,NA,PreCC,-68,NA,NA,NA,NA,NA,NA,-
S381,AAN,AAN_15,AAN_CC_ST_15,NA,Stool,29-Jul-2014,NA,PreCC,-67,NA,NA,NA,NA,NA,NA,-
S382,AAN,AAN_17,AAN_CC_ST_17,NA,Stool,1-Aug-2014,NA,PreCC,-64,NA,NA,NA,NA,NA,NA,-
S383,AAN,AAN_19,AAN_CC_ST_19,NA,Stool,6-Aug-2014,NA,PreCC,-59,NA,NA,NA,NA,NA,NA,-
S384,AAN,AAN_21,AAN_CC_ST_21,NA,Stool,7-Aug-2014,NA,PreCC,-58,NA,NA,NA,NA,NA,NA,-
S385,AAN,AAN_23,AAN_CC_ST_23,NA,Stool,8-Aug-2014,NA,PreCC,-57,NA,NA,NA,NA,NA,NA,-
S386,AAN,AAN_24,AAN_CC_ST_24,NA,Stool,9-Aug-2014,NA,PreCC,-56,NA,NA,NA,NA,NA,NA,-
S387,AAN,AAN_25,AAN_CC_ST_25,NA,Stool,10-Aug-2014,NA,PreCC,-55,NA,NA,NA,NA,NA,NA,-
S388,AAN,AAN_26,AAN_CC_ST_26,NA,Stool,14-Aug-2014,NA,PreCC,-51,NA,NA,NA,NA,NA,NA,-
S389,AAN,AAN_27,AAN_CC_ST_27,NA,Stool,22-Aug-2014,NA,PreCC,-43,NA,NA,NA,NA,NA,NA,-
S390,AAN,AAN_28,AAN_CC_ST_28,NA,Stool,28-Aug-2014,NA,PreCC,-37,NA,NA,NA,NA,NA,NA,-
S391,AAN,AAN_29,AAN_CC_ST_29,NA,Stool,4-Sep-2014,NA,PreCC,-30,NA,NA,NA,NA,NA,NA,-
S392,AAN,AAN_30,AAN_CC_ST_30,NA,Stool,12-Sep-2014,NA,PreCC,-22,NA,NA,NA,NA,NA,NA,-
S393,AAN,AAN_31,AAN_CC_ST_31,NA,Stool,13-Sep-2014,NA,PreCC,-21,NA,NA,NA,NA,NA,NA,-
S394,AAN,AAN_32,AAN_CC_ST_32,NA,Stool,14-Sep-2014,NA,PreCC,-20,NA,NA,NA,NA,NA,NA,-
S395,AAN,AAN_33,AAN_CC_ST_33,NA,Stool,15-Sep-2014,NA,PreCC,-19,NA,NA,NA,NA,NA,NA,-
S396,AAN,AAN_34,AAN_CC_ST_34,NA,Stool,16-Sep-2014,NA,PreCC,-18,NA,NA,NA,NA,NA,NA,-
S397,AAN,AAN_35,AAN_CC_ST_35,NA,Stool,18-Sep-2014,NA,PreCC,-16,NA,NA,NA,NA,NA,NA,-
S398,AAN,AAN_36,AAN_CC_ST_36,NA,Stool,27-Sep-2014,NA,PreCC,-7,NA,NA,NA,NA,NA,NA,-
S399,AAN,AAN_37,AAN_CC_ST_37,NA,Stool,29-Sep-2014,NA,PreCC,-5,NA,NA,NA,NA,NA,NA,-
S400,AAN,AAN_38,AAN_CC_ST_38,NA,Stool,30-Sep-2014,NA,PreCC,-4,NA,NA,NA,NA,NA,NA,-
S401,AAN,AAN_39,AAN_CC_ST_39,NA,Stool,1-Oct-2014,NA,PreCC,-3,NA,NA,NA,NA,NA,NA,-
S402,AAN,AAN_40,AAN_CC_ST_40,NA,Stool,2-Oct-2014,NA,PreCC,-2,NA,NA,NA,NA,NA,NA,-
S403,AAN,AAN_41,AAN_CC_ST_41,NA,Stool,5-Oct-2014,NA,PostCC,1,NA,NA,NA,NA,NA,NA,-
S404,AAN,AAN_42,AAN_CC_ST_42,NA,Stool,6-Oct-2014,NA,PostCC,2,NA,NA,NA,NA,NA,NA,-
S405,AAN,AAN_43,AAN_CC_ST_43,NA,Stool,7-Oct-2014,NA,PostCC,3,NA,NA,NA,NA,NA,NA,-
S406,AAN,AAN_44,AAN_CC_ST_44,NA,Stool,8-Oct-2014,NA,PostCC,4,NA,NA,NA,NA,NA,NA,-
S407,AAN,AAN_45,AAN_CC_ST_45,NA,Stool,9-Oct-2014,NA,PostCC,5,NA,NA,NA,NA,NA,NA,-
S408,AAN,AAN_46,AAN_CC_ST_46,NA,Stool,10-Oct-2014,NA,PostCC,6,NA,NA,NA,NA,NA,NA,-
S409,AAN,AAN_47,AAN_CC_ST_47,NA,Stool,11-Oct-2014,NA,PostCC,7,NA,NA,NA,NA,NA,NA,-
S410,AAN,AAN_48,AAN_CC_ST_48,NA,Stool,30-Oct-2014,NA,PostCC,26,NA,NA,NA,NA,NA,NA,-
S411,AAN,AAN_51,AAN_CC_ST_51,NA,Stool,17-Nov-2014,NA,PostCC,44,NA,NA,NA,NA,NA,NA,-
S412,AAN,AAN_49,AAN_CC_ST_49,NA,Stool,4-Dec-2014,NA,PostCC,61,NA,NA,NA,NA,NA,NA,-
S413,AAN,AAN_50,AAN_CC_ST_50,NA,Stool,19-Dec-2014,NA,PostCC,76,NA,NA,NA,NA,NA,NA,-
S414,AAN,AAN_52,AAN_CC_ST_52,NA,Stool,23-Dec-2014,NA,PostCC,80,NA,NA,NA,NA,NA,NA,-
S415,AAP,AAP_1,AAP_CC_ST_1,NA,Stool,12-Jul-2014,NA,PreCC,-69,NA,NA,NA,NA,NA,NA,-
S416,AAP,AAP_2,AAP_CC_ST_2,NA,Stool,13-Jul-2014,NA,PreCC,-68,NA,NA,NA,NA,NA,NA,-
S417,AAP,AAP_3,AAP_CC_ST_3,NA,Stool,14-Jul-2014,NA,PreCC,-67,NA,NA,NA,NA,NA,NA,-
S418,AAP,AAP_4,AAP_CC_ST_4,NA,Stool,15-Jul-2014,NA,PreCC,-66,NA,NA,NA,NA,NA,NA,-
S419,AAP,AAP_5,AAP_CC_ST_5,NA,Stool,16-Jul-2014,NA,PreCC,-65,NA,NA,NA,NA,NA,NA,-
S420,AAP,AAP_6,AAP_CC_ST_6,NA,Stool,19-Jul-2014,NA,PreCC,-62,NA,NA,NA,NA,NA,NA,-
S421,AAP,AAP_7,AAP_CC_ST_7,NA,Stool,27-Jul-2014,NA,PreCC,-54,NA,NA,NA,NA,NA,NA,-
S422,AAP,AAP_8,AAP_CC_ST_8,NA,Stool,2-Aug-2014,NA,PreCC,-48,NA,NA,NA,NA,NA,NA,-
S423,AAP,AAP_9,AAP_CC_ST_9,NA,Stool,10-Aug-2014,NA,PreCC,-40,NA,NA,NA,NA,NA,NA,-
S424,AAP,AAP_10,AAP_CC_ST_10,NA,Stool,16-Aug-2014,NA,PreCC,-34,NA,NA,NA,NA,NA,NA,-
S425,AAP,AAP_11,AAP_CC_ST_11,NA,Stool,24-Aug-2014,NA,PreCC,-26,NA,NA,NA,NA,NA,NA,-
S426,AAP,AAP_12,AAP_CC_ST_12,NA,Stool,31-Aug-2014,NA,PreCC,-19,NA,NA,NA,NA,NA,NA,-
S427,AAP,AAP_13,AAP_CC_ST_13,NA,Stool,6-Sep-2014,NA,PreCC,-13,NA,NA,NA,NA,NA,NA,-
S428,AAP,AAP_14,AAP_CC_ST_14,NA,Stool,12-Sep-2014,NA,PreCC,-7,NA,NA,NA,NA,NA,NA,-
S429,AAP,AAP_15,AAP_CC_ST_15,NA,Stool,13-Sep-2014,NA,PreCC,-6,NA,NA,NA,NA,NA,NA,-
S430,AAP,AAP_16,AAP_CC_ST_16,NA,Stool,14-Sep-2014,NA,PreCC,-5,NA,NA,NA,NA,NA,NA,-
S431,AAP,AAP_17,AAP_CC_ST_17,NA,Stool,15-Sep-2014,NA,PreCC,-4,NA,NA,NA,NA,NA,NA,-
S432,AAP,AAP_18,AAP_CC_ST_18,NA,Stool,16-Sep-2014,NA,PreCC,-3,NA,NA,NA,NA,NA,NA,-
S433,AAP,AAP_19,AAP_CC_ST_19,NA,Stool,17-Sep-2014,NA,PreCC,-2,NA,NA,NA,NA,NA,NA,-
S434,AAP,AAP_20,AAP_CC_ST_20,NA,Stool,18-Sep-2014,NA,PreCC,-1,NA,NA,NA,NA,NA,NA,-
S435,AAP,AAP_21,AAP_CC_ST_21,NA,Stool,19-Sep-2014,9:00:00,PreCC,0,NA,NA,NA,NA,NA,NA,-
S436,AAP,AAP_22,AAP_CC_ST_22,NA,Stool,19-Sep-2014,17:00:00,PostCC,0,NA,NA,NA,NA,NA,NA,-
S437,AAP,AAP_22.5,AAP_CC_ST_22.5,NA,Stool,21-Sep-2014,NA,PostCC,2,NA,NA,NA,NA,NA,NA,-
S438,AAP,AAP_23,AAP_CC_ST_23,NA,Stool,22-Sep-2014,NA,PostCC,3,NA,NA,NA,NA,NA,NA,-
S439,AAP,AAP_24,AAP_CC_ST_24,NA,Stool,23-Sep-2014,NA,PostCC,4,NA,NA,NA,NA,NA,NA,-
S440,AAP,AAP_25,AAP_CC_ST_25,NA,Stool,24-Sep-2014,NA,PostCC,5,NA,NA,NA,NA,NA,NA,-
S441,AAP,AAP_26,AAP_CC_ST_26,NA,Stool,25-Sep-2014,NA,PostCC,6,NA,NA,NA,NA,NA,NA,-
S442,AAP,AAP_27,AAP_CC_ST_27,NA,Stool,26-Sep-2014,NA,PostCC,7,NA,NA,NA,NA,NA,NA,-
S443,AAP,AAP_28,AAP_CC_ST_28,NA,Stool,28-Sep-2014,NA,PostCC,9,NA,NA,NA,NA,NA,NA,-
S444,AAP,AAP_29,AAP_CC_ST_29,NA,Stool,30-Sep-2014,NA,PostCC,11,NA,NA,NA,NA,NA,NA,-
S445,AAP,AAP_30,AAP_CC_ST_30,NA,Stool,3-Oct-2014,NA,PostCC,14,NA,NA,NA,NA,NA,NA,-
S446,AAP,AAP_31,AAP_CC_ST_31,NA,Stool,6-Oct-2014,NA,PostCC,17,NA,NA,NA,NA,NA,NA,-
S447,AAP,AAP_32,AAP_CC_ST_32,NA,Stool,11-Oct-2014,NA,PostCC,22,NA,NA,NA,NA,NA,NA,-
S448,AAP,AAP_33,AAP_CC_ST_33,NA,Stool,18-Oct-2014,NA,PostCC,29,NA,NA,NA,NA,NA,NA,-
S449,AAP,AAP_34,AAP_CC_ST_34,NA,Stool,25-Oct-2014,NA,PostCC,36,NA,NA,NA,NA,NA,NA,-
S450,AAP,AAP_35,AAP_CC_ST_35,NA,Stool,1-Nov-2014,NA,PostCC,43,NA,NA,NA,NA,NA,NA,-
S451,AAP,AAP_36,AAP_CC_ST_36,NA,Stool,8-Nov-2014,NA,PostCC,50,NA,NA,NA,NA,NA,NA,-
S452,AAP,AAP_37,AAP_CC_ST_37,NA,Stool,15-Nov-2014,NA,PostCC,57,NA,NA,NA,NA,NA,NA,-
S453,AAP,AAP_38,AAP_CC_ST_38,NA,Stool,22-Nov-2014,NA,PostCC,64,NA,NA,NA,NA,NA,NA,-
S454,AAP,AAP_39,AAP_CC_ST_39,NA,Stool,29-Nov-2014,NA,PostCC,71,NA,NA,NA,NA,NA,NA,-
S455,AAP,AAP_40,AAP_CC_ST_40,NA,Stool,6-Dec-2014,NA,PostCC,78,NA,NA,NA,NA,NA,NA,-
S456,DNA_QC,Plate1_EC3,Plate1_EC3,NA,ExtrCont,6-Apr-2014,NA,ExtrCont,NA,NA,NA,NA,NA,NA,NA,-
S457,DNA_QC,Plate1_EC4,Plate1_EC4,NA,ExtrCont,6-Apr-2014,NA,ExtrCont,NA,NA,NA,NA,NA,NA,NA,-
S458,DNA_QC,Plate1_EC6,Plate1_EC6,NA,ExtrCont,6-Apr-2014,NA,ExtrCont,NA,NA,NA,NA,NA,NA,NA,-
S459,DNA_QC,Plate1_NTC1,Plate1_NTC1,NA,ExtrCont,6-Apr-2014,NA,ExtrCont,NA,NA,NA,NA,NA,NA,NA,-
S460,DNA_QC,Plate1_NTC3,Plate1_NTC3,NA,ExtrCont,6-Apr-2014,NA,ExtrCont,NA,NA,NA,NA,NA,NA,NA,-
S461,DNA_QC,Plate1_NTC4,Plate1_NTC4,NA,ExtrCont,6-Apr-2014,NA,ExtrCont,NA,NA,NA,NA,NA,NA,NA,-
S462,DNA_QC,Plate1_NTC6,Plate1_NTC6,NA,ExtrCont,6-Apr-2014,NA,ExtrCont,NA,NA,NA,NA,NA,NA,NA,-
S463,DNA_QC,Plate2_EC4,Plate2_EC4,NA,ExtrCont,30-Apr-2014,NA,ExtrCont,NA,NA,NA,NA,NA,NA,NA,-
S464,DNA_QC,Plate2_EC6,Plate2_EC6,NA,ExtrCont,30-Apr-2014,NA,ExtrCont,NA,NA,NA,NA,NA,NA,NA,-
S465,DNA_QC,Plate2_NTC6,Plate2_NTC6,NA,ExtrCont,30-Apr-2014,NA,ExtrCont,NA,NA,NA,NA,NA,NA,NA,-
S466,DNA_QC,Plate3_EC3,Plate3_EC3,NA,ExtrCont,11-May-2014,NA,ExtrCont,NA,NA,NA,NA,NA,NA,NA,-
S467,DNA_QC,Plate3_EC6,Plate3_EC6,NA,ExtrCont,11-May-2014,NA,ExtrCont,NA,NA,NA,NA,NA,NA,NA,-
S468,DNA_QC,Plate3_NTC3,Plate3_NTC3,NA,ExtrCont,11-May-2014,NA,ExtrCont,NA,NA,NA,NA,NA,NA,NA,-
S469,DNA_QC,Plate3_NTC6,Plate3_NTC6,NA,ExtrCont,11-May-2014,NA,ExtrCont,NA,NA,NA,NA,NA,NA,NA,-
S470,DNA_QC,Plate4_EC1,Plate4_EC1,NA,ExtrCont,NA,NA,ExtrCont,NA,NA,NA,NA,NA,NA,NA,-
S471,DNA_QC,Plate4_EC2,Plate4_EC2,NA,ExtrCont,NA,NA,ExtrCont,NA,NA,NA,NA,NA,NA,NA,-
S472,DNA_QC,Plate4_EC3,Plate4_EC3,NA,ExtrCont,NA,NA,ExtrCont,NA,NA,NA,NA,NA,NA,NA,-
S473,DNA_QC,Plate4_NTC1,Plate4_NTC1,NA,ExtrCont,NA,NA,ExtrCont,NA,NA,NA,NA,NA,NA,NA,-
S474,DNA_QC,Plate4_NTC2,Plate4_NTC2,NA,ExtrCont,NA,NA,ExtrCont,NA,NA,NA,NA,NA,NA,NA,-
S475,DNA_QC,Plate4_NTC3,Plate4_NTC3,NA,ExtrCont,NA,NA,ExtrCont,NA,NA,NA,NA,NA,NA,NA,-
S476,DNA_QC,Plate6_EC1,Plate6_EC1,NA,ExtrCont,5-Jun-2015,NA,ExtrCont,NA,NA,NA,NA,NA,NA,NA,-
S477,DNA_QC,Plate6_EC3,Plate6_EC3,NA,ExtrCont,5-Jun-2015,NA,ExtrCont,NA,NA,NA,NA,NA,NA,NA,-
S478,DNA_QC,Plate6_NTC1,Plate6_NTC1,NA,ExtrCont,5-Jun-2015,NA,ExtrCont,NA,NA,NA,NA,NA,NA,NA,-
S479,DNA_QC,Plate7_EC1,Plate7_EC1,NA,ExtrCont,6-Jun-2015,NA,ExtrCont,NA,NA,NA,NA,NA,NA,NA,-
S480,DNA_QC,Plate7_NTC1,Plate7_NTC1,NA,ExtrCont,6-Jun-2015,NA,ExtrCont,NA,NA,NA,NA,NA,NA,NA,-
S481,DNA_QC,Plate7_NTC2,Plate7_NTC2,NA,ExtrCont,6-Jun-2015,NA,ExtrCont,NA,NA,NA,NA,NA,NA,NA,-
S482,AAK_AB,AAK_AB_1,AAK_CC_ST_1,NA,Stool,10-Oct-2013,NA,NA,NA,PreDiet,NA,PreAbx,-62,NA,NA,-
S483,AAK_AB,AAK_AB_2,AAK_CC_ST_2,NA,Stool,15-Oct-2013,NA,NA,NA,PreDiet,NA,PreAbx,-57,NA,NA,-
S484,AAK_AB,AAK_AB_3,AAK_CC_ST_3,NA,Stool,24-Oct-2013,NA,NA,NA,PreDiet,NA,PreAbx,-48,NA,NA,-
S485,AAK_AB,AAK_AB_4,AAK_CC_ST_4,NA,Stool,2-Nov-2013,NA,NA,NA,PreDiet,NA,PreAbx,-39,NA,NA,-
S486,AAK_AB,AAK_AB_5,AAK_CC_ST_5,NA,Stool,3-Nov-2013,NA,NA,NA,PreDiet,NA,PreAbx,-38,NA,NA,-
S487,AAK_AB,AAK_AB_6,AAK_CC_ST_6,NA,Stool,4-Nov-2013,NA,NA,NA,PreDiet,NA,PreAbx,-37,NA,NA,-
S488,AAK_AB,AAK_AB_7,AAK_CC_ST_7,NA,Stool,5-Nov-2013,NA,NA,NA,PreDiet,NA,PreAbx,-36,NA,NA,-
S489,AAK_AB,AAK_AB_8,AAK_CC_ST_8,NA,Stool,6-Nov-2013,NA,NA,NA,PreDiet,NA,PreAbx,-35,NA,NA,-
S490,AAK_AB,AAK_AB_9,AAK_CC_ST_9,NA,Stool,10-Nov-2013,NA,NA,NA,PreDiet,NA,PreAbx,-31,NA,NA,-
S491,AAK_AB,AAK_AB_10,AAK_CC_ST_10,NA,Stool,18-Nov-2013,NA,NA,NA,PreDiet,NA,PreAbx,-23,NA,NA,-
S492,AAK_AB,AAK_AB_11,AAK_CC_ST_11,NA,Stool,24-Nov-2013,NA,NA,NA,PreDiet,NA,PreAbx,-17,NA,NA,-
S493,AAK_AB,AAK_AB_12,AAK_CC_ST_12,NA,Stool,1-Dec-2013,NA,NA,NA,PreDiet,NA,PreAbx,-10,NA,NA,-
S494,AAK_AB,AAK_AB_13,AAK_CC_ST_13,NA,Stool,2-Dec-2013,NA,NA,NA,PreDiet,NA,PreAbx,-9,NA,NA,-
S495,AAK_AB,AAK_AB_14,AAK_CC_ST_14,NA,Stool,3-Dec-2013,NA,NA,NA,PreDiet,NA,PreAbx,-8,NA,NA,-
S496,AAK_AB,AAK_AB_15,AAK_CC_ST_15,NA,Stool,5-Dec-2013,NA,NA,NA,PreDiet,NA,PreAbx,-6,NA,NA,-
S497,AAK_AB,AAK_AB_16,AAK_CC_ST_16,NA,Stool,7-Dec-2013,NA,NA,NA,PreDiet,NA,PreAbx,-4,NA,NA,-
S498,AAK_AB,AAK_AB_17,AAK_CC_ST_17,NA,Stool,9-Dec-2013,NA,NA,NA,PreDiet,NA,PreAbx,-2,NA,NA,-
S499,AAK_AB,AAK_AB_18,AAK_CC_ST_18,NA,Stool,11-Dec-2013,NA,NA,NA,PreDiet,NA,MidAbx,0,NA,NA,-
S500,AAK_AB,AAK_AB_19,AAK_CC_ST_19,NA,Stool,12-Dec-2013,NA,NA,NA,PreDiet,NA,MidAbx,1,NA,NA,-
S501,AAK_AB,AAK_AB_20,AAK_CC_ST_20,NA,Stool,13-Dec-2013,NA,NA,NA,PreDiet,NA,MidAbx,2,NA,NA,-
S502,AAK_AB,AAK_AB_21,AAK_CC_ST_21,NA,Stool,14-Dec-2013,NA,NA,NA,PreDiet,NA,MidAbx,3,NA,NA,-
S503,AAK_AB,AAK_AB_22,AAK_CC_ST_22,NA,Stool,15-Dec-2013,NA,NA,NA,PreDiet,NA,MidAbx,4,NA,NA,-
S504,AAK_AB,AAK_AB_23,AAK_CC_ST_23,NA,Stool,16-Dec-2013,NA,NA,NA,PreDiet,NA,PostAbx,5,NA,NA,-
S505,AAK_AB,AAK_AB_24,AAK_CC_ST_24,NA,Stool,18-Dec-2013,NA,NA,NA,PreDiet,NA,PostAbx,7,NA,NA,-
S506,AAK_AB,AAK_AB_25,AAK_CC_ST_25,NA,Stool,19-Dec-2013,NA,NA,NA,PreDiet,NA,PostAbx,8,NA,NA,-
S507,AAK_AB,AAK_AB_26,AAK_CC_ST_26,NA,Stool,20-Dec-2013,NA,NA,NA,PreDiet,NA,PostAbx,9,NA,NA,-
S508,AAK_AB,AAK_AB_27,AAK_CC_ST_27,NA,Stool,21-Dec-2013,NA,NA,NA,PreDiet,NA,PostAbx,10,NA,NA,-
S509,AAK_AB,AAK_AB_28,AAK_CC_ST_28,NA,Stool,22-Dec-2013,NA,NA,NA,PreDiet,NA,PostAbx,11,NA,NA,-
S510,AAK_AB,AAK_AB_29,AAK_CC_ST_29,NA,Stool,4-Jan-2014,NA,NA,NA,PreDiet,NA,PostAbx,24,NA,NA,-
S511,AAK_AB,AAK_AB_30,AAK_CC_ST_30,NA,Stool,11-Jan-2014,NA,NA,NA,PreDiet,NA,PostAbx,31,NA,NA,-
S512,AAK_AB,AAK_AB_31,AAK_CC_ST_31,NA,Stool,19-Jan-2014,NA,NA,NA,PreDiet,NA,PostAbx,39,NA,NA,-
S513,AAK_AB,AAK_AB_32,AAK_CC_ST_32,NA,Stool,25-Jan-2014,NA,NA,NA,PreDiet,NA,PostAbx,45,NA,NA,-
S514,AAK_AB,AAK_AB_33,AAK_CC_ST_33,NA,Stool,3-Feb-2014,NA,NA,NA,PreDiet,NA,PostAbx,54,NA,NA,-
S515,AAK_AB,AAK_AB_34,AAK_CC_ST_34,NA,Stool,10-Feb-2014,NA,NA,NA,PreDiet,NA,PostAbx,61,NA,NA,-
S516,AAK_AB,AAK_AB_35,AAK_CC_ST_35,NA,Stool,16-Feb-2014,NA,NA,NA,PreDiet,NA,PostAbx,67,NA,NA,-
S517,AAK_AB,AAK_AB_36,AAK_CC_ST_36,NA,Stool,24-Feb-2014,NA,NA,NA,PreDiet,NA,PostAbx,75,NA,NA,-
S518,AAK_AB,AAK_AB_37,AAK_CC_ST_37,NA,Stool,2-Mar-2014,NA,NA,NA,PreDiet,NA,PostAbx,81,NA,NA,-
S519,AAK_AB,AAK_AB_38,AAK_CC_ST_38,NA,Stool,9-Mar-2014,NA,NA,NA,PreDiet,NA,PostAbx,88,NA,NA,-
S520,AAK_AB,AAK_AB_39,AAK_CC_ST_39,NA,Stool,10-Mar-2014,NA,NA,NA,PreDiet,NA,PostAbx,89,NA,NA,-
S521,AAK_AB,AAK_AB_40,AAK_CC_ST_40,NA,Stool,11-Mar-2014,NA,NA,NA,PreDiet,NA,PostAbx,90,NA,NA,-
S522,AAK_AB,AAK_AB_41,AAK_CC_ST_41,NA,Stool,12-Mar-2014,NA,NA,NA,PreDiet,NA,PostAbx,91,NA,NA,-
S523,AAK_AB,AAK_AB_42,AAK_CC_ST_42,NA,Stool,13-Mar-2014,NA,NA,NA,PreDiet,NA,PostAbx,92,NA,NA,-
S524,DNA_QC,Plate1_EC1,Plate1_EC1,NA,ExtrCont,6-Apr-2014,NA,ExtrCont,NA,NA,NA,NA,NA,NA,NA,-
S525,DNA_QC,Plate2_EC1,Plate2_EC1,NA,ExtrCont,30-Apr-2014,NA,ExtrCont,NA,NA,NA,NA,NA,NA,NA,-
S526,DNA_QC,Plate2_NTC1,Plate2_NTC1,NA,ExtrCont,30-Apr-2014,NA,ExtrCont,NA,NA,NA,NA,NA,NA,NA,-
S527,DNA_QC,Plate3_EC1,Plate3_EC1,NA,ExtrCont,11-May-2014,NA,ExtrCont,NA,NA,NA,NA,NA,NA,NA,-
S528,DNA_QC,Plate3_NTC1,Plate3_NTC1,NA,ExtrCont,11-May-2014,NA,ExtrCont,NA,NA,NA,NA,NA,NA,NA,-